coefficient,se,ci_lower,ci_upper,p_raw,score_column,term,result_origin,paper_id,dataset_id,experiment_locator,source_file,source_sha256,processed_sha256,n,clusters,df_t,inference_role
0.40985940893781314,0.07912703147644394,0.25283439020094195,0.56688442767468428,1.1881641211346673e-06,score_gpt4o,black_female,computed_secondary_common_sample,an2025measuring,pnas_2025,Figure 5 source table; new paired analysis,data/raw/pnas_2025/data_score_4models.dta,db86face1e1d7f051070f217cbb8d05762554fa0eb43daedac15774dc1aad47e,b99f43ccda5c3bf59f188494f0b824cf5152e16282b0c1df7a50a3f3f843a756,295672,99,98,reference_only_no_Holm_family
0.258242217550186,0.082212075390608236,0.095095029569926298,0.42138940553044568,0.0022252482252274036,score_gpt4o,white_female,computed_secondary_common_sample,an2025measuring,pnas_2025,Figure 5 source table; new paired analysis,data/raw/pnas_2025/data_score_4models.dta,db86face1e1d7f051070f217cbb8d05762554fa0eb43daedac15774dc1aad47e,b99f43ccda5c3bf59f188494f0b824cf5152e16282b0c1df7a50a3f3f843a756,295672,99,98,reference_only_no_Holm_family
-0.62434969970128384,0.07957340240914601,-0.78226052702674087,-0.46643887237582682,5.3921140880479002e-12,score_gpt4o,black_male,computed_secondary_common_sample,an2025measuring,pnas_2025,Figure 5 source table; new paired analysis,data/raw/pnas_2025/data_score_4models.dta,db86face1e1d7f051070f217cbb8d05762554fa0eb43daedac15774dc1aad47e,b99f43ccda5c3bf59f188494f0b824cf5152e16282b0c1df7a50a3f3f843a756,295672,99,98,reference_only_no_Holm_family
0.94916052318486444,0.066519192897056392,0.81715534978048421,1.0811656965892447,1.1645778447039515e-25,score_gemini,black_female,computed_secondary_common_sample,an2025measuring,pnas_2025,Figure 5 source table; new paired analysis,data/raw/pnas_2025/data_score_4models.dta,db86face1e1d7f051070f217cbb8d05762554fa0eb43daedac15774dc1aad47e,b99f43ccda5c3bf59f188494f0b824cf5152e16282b0c1df7a50a3f3f843a756,295672,99,98,reference_only_no_Holm_family
0.8088423106201974,0.082309540833697584,0.64550170564018761,0.9721829156002072,2.8757941755121427e-16,score_gemini,white_female,computed_secondary_common_sample,an2025measuring,pnas_2025,Figure 5 source table; new paired analysis,data/raw/pnas_2025/data_score_4models.dta,db86face1e1d7f051070f217cbb8d05762554fa0eb43daedac15774dc1aad47e,b99f43ccda5c3bf59f188494f0b824cf5152e16282b0c1df7a50a3f3f843a756,295672,99,98,reference_only_no_Holm_family
-0.27818221356155992,0.082869056935906127,-0.44263316003667597,-0.11373126708644388,0.0011230870851614097,score_gemini,black_male,computed_secondary_common_sample,an2025measuring,pnas_2025,Figure 5 source table; new paired analysis,data/raw/pnas_2025/data_score_4models.dta,db86face1e1d7f051070f217cbb8d05762554fa0eb43daedac15774dc1aad47e,b99f43ccda5c3bf59f188494f0b824cf5152e16282b0c1df7a50a3f3f843a756,295672,99,98,reference_only_no_Holm_family
0.68674001299485754,0.09185349436670423,0.50445974284125483,0.86902028314846025,3.2624214220909383e-11,score_claude,black_female,computed_secondary_common_sample,an2025measuring,pnas_2025,Figure 5 source table; new paired analysis,data/raw/pnas_2025/data_score_4models.dta,db86face1e1d7f051070f217cbb8d05762554fa0eb43daedac15774dc1aad47e,b99f43ccda5c3bf59f188494f0b824cf5152e16282b0c1df7a50a3f3f843a756,295672,99,98,reference_only_no_Holm_family
0.8635822851797047,0.091142424601489719,0.68271310983305522,1.0444514605263542,1.6688183379118912e-15,score_claude,white_female,computed_secondary_common_sample,an2025measuring,pnas_2025,Figure 5 source table; new paired analysis,data/raw/pnas_2025/data_score_4models.dta,db86face1e1d7f051070f217cbb8d05762554fa0eb43daedac15774dc1aad47e,b99f43ccda5c3bf59f188494f0b824cf5152e16282b0c1df7a50a3f3f843a756,295672,99,98,reference_only_no_Holm_family
-0.63742529596302799,0.062443281974782952,-0.76134195679468086,-0.51350863513137512,4.2804298460724438e-17,score_claude,black_male,computed_secondary_common_sample,an2025measuring,pnas_2025,Figure 5 source table; new paired analysis,data/raw/pnas_2025/data_score_4models.dta,db86face1e1d7f051070f217cbb8d05762554fa0eb43daedac15774dc1aad47e,b99f43ccda5c3bf59f188494f0b824cf5152e16282b0c1df7a50a3f3f843a756,295672,99,98,reference_only_no_Holm_family
0.88464300925333961,0.10355965833456145,0.67913223768838438,1.0901537808182948,1.7427422949588129e-13,score_llama,black_female,computed_secondary_common_sample,an2025measuring,pnas_2025,Figure 5 source table; new paired analysis,data/raw/pnas_2025/data_score_4models.dta,db86face1e1d7f051070f217cbb8d05762554fa0eb43daedac15774dc1aad47e,b99f43ccda5c3bf59f188494f0b824cf5152e16282b0c1df7a50a3f3f843a756,295672,99,98,reference_only_no_Holm_family
0.45084101875736859,0.1128176471705393,0.2269580696532125,0.67472396786152466,0.0001247084338083746,score_llama,white_female,computed_secondary_common_sample,an2025measuring,pnas_2025,Figure 5 source table; new paired analysis,data/raw/pnas_2025/data_score_4models.dta,db86face1e1d7f051070f217cbb8d05762554fa0eb43daedac15774dc1aad47e,b99f43ccda5c3bf59f188494f0b824cf5152e16282b0c1df7a50a3f3f843a756,295672,99,98,reference_only_no_Holm_family
-0.15966946895456618,0.082576325585436428,-0.32353949959176082,0.0042005616826284453,0.056047896172103109,score_llama,black_male,computed_secondary_common_sample,an2025measuring,pnas_2025,Figure 5 source table; new paired analysis,data/raw/pnas_2025/data_score_4models.dta,db86face1e1d7f051070f217cbb8d05762554fa0eb43daedac15774dc1aad47e,b99f43ccda5c3bf59f188494f0b824cf5152e16282b0c1df7a50a3f3f843a756,295672,99,98,reference_only_no_Holm_family
