coefficient,se,ci_lower,ci_upper,p_raw,term,model_a,model_b,result_origin,paper_id,dataset_id,experiment_locator,source_file,source_sha256,processed_sha256,n,clusters,df_t,p_holm,family_id
-0.53930111424705141,0.080319200066517604,-0.69869195275121099,-0.37991027574289177,1.2391143061692259e-09,black_female,score_gpt4o,score_gemini,computed_secondary_common_sample,an2025measuring,pnas_2025,Figure 5 source table; new paired analysis,data/raw/pnas_2025/data_score_4models.dta,db86face1e1d7f051070f217cbb8d05762554fa0eb43daedac15774dc1aad47e,b99f43ccda5c3bf59f188494f0b824cf5152e16282b0c1df7a50a3f3f843a756,295672,99,98,2.1064943204876841e-08,common_sample_6pairs_18contrasts
-0.55060009306999502,0.080678655650821648,-0.71070425948254734,-0.3904959266574427,7.3782247737988073e-10,white_female,score_gpt4o,score_gemini,computed_secondary_common_sample,an2025measuring,pnas_2025,Figure 5 source table; new paired analysis,data/raw/pnas_2025/data_score_4models.dta,db86face1e1d7f051070f217cbb8d05762554fa0eb43daedac15774dc1aad47e,b99f43ccda5c3bf59f188494f0b824cf5152e16282b0c1df7a50a3f3f843a756,295672,99,98,1.3280804592837852e-08,common_sample_6pairs_18contrasts
-0.3461674861397277,0.083445583909358537,-0.51176253163030627,-0.18057244064914907,7.1330370652950481e-05,black_male,score_gpt4o,score_gemini,computed_secondary_common_sample,an2025measuring,pnas_2025,Figure 5 source table; new paired analysis,data/raw/pnas_2025/data_score_4models.dta,db86face1e1d7f051070f217cbb8d05762554fa0eb43daedac15774dc1aad47e,b99f43ccda5c3bf59f188494f0b824cf5152e16282b0c1df7a50a3f3f843a756,295672,99,98,0.00071330370652950481,common_sample_6pairs_18contrasts
-0.27688060405704951,0.086915534902028357,-0.44936165436132081,-0.10439955375277821,0.0019376082610517147,black_female,score_gpt4o,score_claude,computed_secondary_common_sample,an2025measuring,pnas_2025,Figure 5 source table; new paired analysis,data/raw/pnas_2025/data_score_4models.dta,db86face1e1d7f051070f217cbb8d05762554fa0eb43daedac15774dc1aad47e,b99f43ccda5c3bf59f188494f0b824cf5152e16282b0c1df7a50a3f3f843a756,295672,99,98,0.015500866088413718,common_sample_6pairs_18contrasts
-0.60534006762951953,0.092195114126530101,-0.78829827107831363,-0.42238186418072543,2.4831465419490649e-09,white_female,score_gpt4o,score_claude,computed_secondary_common_sample,an2025measuring,pnas_2025,Figure 5 source table; new paired analysis,data/raw/pnas_2025/data_score_4models.dta,db86face1e1d7f051070f217cbb8d05762554fa0eb43daedac15774dc1aad47e,b99f43ccda5c3bf59f188494f0b824cf5152e16282b0c1df7a50a3f3f843a756,295672,99,98,3.9730344671185039e-08,common_sample_6pairs_18contrasts
0.013075596261758072,0.071906571157630578,-0.12962065396585806,0.15577184648937423,0.85608273800033063,black_male,score_gpt4o,score_claude,computed_secondary_common_sample,an2025measuring,pnas_2025,Figure 5 source table; new paired analysis,data/raw/pnas_2025/data_score_4models.dta,db86face1e1d7f051070f217cbb8d05762554fa0eb43daedac15774dc1aad47e,b99f43ccda5c3bf59f188494f0b824cf5152e16282b0c1df7a50a3f3f843a756,295672,99,98,1,common_sample_6pairs_18contrasts
-0.4747836003155288,0.093092099431249603,-0.65952184190871121,-0.29004535872234644,1.658562236076286e-06,black_female,score_gpt4o,score_llama,computed_secondary_common_sample,an2025measuring,pnas_2025,Figure 5 source table; new paired analysis,data/raw/pnas_2025/data_score_4models.dta,db86face1e1d7f051070f217cbb8d05762554fa0eb43daedac15774dc1aad47e,b99f43ccda5c3bf59f188494f0b824cf5152e16282b0c1df7a50a3f3f843a756,295672,99,98,2.1561309068991719e-05,common_sample_6pairs_18contrasts
-0.19259880120718076,0.10914370209895176,-0.40919092588711958,0.023993323472758038,0.080740691496058462,white_female,score_gpt4o,score_llama,computed_secondary_common_sample,an2025measuring,pnas_2025,Figure 5 source table; new paired analysis,data/raw/pnas_2025/data_score_4models.dta,db86face1e1d7f051070f217cbb8d05762554fa0eb43daedac15774dc1aad47e,b99f43ccda5c3bf59f188494f0b824cf5152e16282b0c1df7a50a3f3f843a756,295672,99,98,0.40370345748029229,common_sample_6pairs_18contrasts
-0.46468023074671644,0.086428228880733912,-0.6361942381113429,-0.29316622338208997,5.1540320180904292e-07,black_male,score_gpt4o,score_llama,computed_secondary_common_sample,an2025measuring,pnas_2025,Figure 5 source table; new paired analysis,data/raw/pnas_2025/data_score_4models.dta,db86face1e1d7f051070f217cbb8d05762554fa0eb43daedac15774dc1aad47e,b99f43ccda5c3bf59f188494f0b824cf5152e16282b0c1df7a50a3f3f843a756,295672,99,98,7.2156448253266009e-06,common_sample_6pairs_18contrasts
0.26242051019000101,0.088647045392173968,0.086503333670895716,0.43833768670910633,0.0038548319392812907,black_female,score_gemini,score_claude,computed_secondary_common_sample,an2025measuring,pnas_2025,Figure 5 source table; new paired analysis,data/raw/pnas_2025/data_score_4models.dta,db86face1e1d7f051070f217cbb8d05762554fa0eb43daedac15774dc1aad47e,b99f43ccda5c3bf59f188494f0b824cf5152e16282b0c1df7a50a3f3f843a756,295672,99,98,0.026983823574969035,common_sample_6pairs_18contrasts
-0.054739974559525492,0.08284827038269163,-0.21914967079629599,0.10966972167724499,0.51033850034877426,white_female,score_gemini,score_claude,computed_secondary_common_sample,an2025measuring,pnas_2025,Figure 5 source table; new paired analysis,data/raw/pnas_2025/data_score_4models.dta,db86face1e1d7f051070f217cbb8d05762554fa0eb43daedac15774dc1aad47e,b99f43ccda5c3bf59f188494f0b824cf5152e16282b0c1df7a50a3f3f843a756,295672,99,98,1,common_sample_6pairs_18contrasts
0.35924308240148561,0.076031498529271185,0.20836104805263747,0.51012511675033378,7.6967116516959252e-06,black_male,score_gemini,score_claude,computed_secondary_common_sample,an2025measuring,pnas_2025,Figure 5 source table; new paired analysis,data/raw/pnas_2025/data_score_4models.dta,db86face1e1d7f051070f217cbb8d05762554fa0eb43daedac15774dc1aad47e,b99f43ccda5c3bf59f188494f0b824cf5152e16282b0c1df7a50a3f3f843a756,295672,99,98,8.466382816865518e-05,common_sample_6pairs_18contrasts
0.064517513931522219,0.096942814647570055,-0.12786234668502866,0.2568973745480731,0.50728046428337725,black_female,score_gemini,score_llama,computed_secondary_common_sample,an2025measuring,pnas_2025,Figure 5 source table; new paired analysis,data/raw/pnas_2025/data_score_4models.dta,db86face1e1d7f051070f217cbb8d05762554fa0eb43daedac15774dc1aad47e,b99f43ccda5c3bf59f188494f0b824cf5152e16282b0c1df7a50a3f3f843a756,295672,99,98,1,common_sample_6pairs_18contrasts
0.35800129186281215,0.087853640911237693,0.18365860071438611,0.5323439830112382,9.3547742955775437e-05,white_female,score_gemini,score_llama,computed_secondary_common_sample,an2025measuring,pnas_2025,Figure 5 source table; new paired analysis,data/raw/pnas_2025/data_score_4models.dta,db86face1e1d7f051070f217cbb8d05762554fa0eb43daedac15774dc1aad47e,b99f43ccda5c3bf59f188494f0b824cf5152e16282b0c1df7a50a3f3f843a756,295672,99,98,0.00084192968660197899,common_sample_6pairs_18contrasts
-0.11851274460698996,0.1007095187447816,-0.31836750691522087,0.081342017701240971,0.24213450041693999,black_male,score_gemini,score_llama,computed_secondary_common_sample,an2025measuring,pnas_2025,Figure 5 source table; new paired analysis,data/raw/pnas_2025/data_score_4models.dta,db86face1e1d7f051070f217cbb8d05762554fa0eb43daedac15774dc1aad47e,b99f43ccda5c3bf59f188494f0b824cf5152e16282b0c1df7a50a3f3f843a756,295672,99,98,0.96853800166775994,common_sample_6pairs_18contrasts
-0.19790299625847921,0.080244044268794792,-0.35714469052804032,-0.038661301988918095,0.0153898095351142,black_female,score_claude,score_llama,computed_secondary_common_sample,an2025measuring,pnas_2025,Figure 5 source table; new paired analysis,data/raw/pnas_2025/data_score_4models.dta,db86face1e1d7f051070f217cbb8d05762554fa0eb43daedac15774dc1aad47e,b99f43ccda5c3bf59f188494f0b824cf5152e16282b0c1df7a50a3f3f843a756,295672,99,98,0.092338857210685202,common_sample_6pairs_18contrasts
0.41274126642233883,0.082495452621922358,0.24903172554918754,0.57645080729549014,2.4805710396847267e-06,white_female,score_claude,score_llama,computed_secondary_common_sample,an2025measuring,pnas_2025,Figure 5 source table; new paired analysis,data/raw/pnas_2025/data_score_4models.dta,db86face1e1d7f051070f217cbb8d05762554fa0eb43daedac15774dc1aad47e,b99f43ccda5c3bf59f188494f0b824cf5152e16282b0c1df7a50a3f3f843a756,295672,99,98,2.9766852476216719e-05,common_sample_6pairs_18contrasts
-0.47775582700847519,0.08465504277465874,-0.6457510042548088,-0.30976064976214157,1.6194404443819178e-07,black_male,score_claude,score_llama,computed_secondary_common_sample,an2025measuring,pnas_2025,Figure 5 source table; new paired analysis,data/raw/pnas_2025/data_score_4models.dta,db86face1e1d7f051070f217cbb8d05762554fa0eb43daedac15774dc1aad47e,b99f43ccda5c3bf59f188494f0b824cf5152e16282b0c1df7a50a3f3f843a756,295672,99,98,2.4291606665728766e-06,common_sample_6pairs_18contrasts
