score_gpt35_missing,n_rows,paper_id,dataset_id,source_file,source_sha256,processed_sha256,result_origin,score_gemini_missing,score_llama_missing,score_gpt4o_missing,score_claude_missing
False,332894,an2025measuring,pnas_2025,data_gpt35_baseline.dta,4f5e8a256c703b9b118178fa022243e6cd56bbe5d5430daa15c8680ee774538a,335fe1b8e10d596612e1e8d60c2256161f5a0dc681077b9eaeae74f3255171f6,computed_descriptive,,,,
True,1,an2025measuring,pnas_2025,data_gpt35_baseline.dta,4f5e8a256c703b9b118178fa022243e6cd56bbe5d5430daa15c8680ee774538a,335fe1b8e10d596612e1e8d60c2256161f5a0dc681077b9eaeae74f3255171f6,computed_descriptive,,,,
,295679,an2025measuring,pnas_2025,data_score_4models.dta,db86face1e1d7f051070f217cbb8d05762554fa0eb43daedac15774dc1aad47e,b99f43ccda5c3bf59f188494f0b824cf5152e16282b0c1df7a50a3f3f843a756,computed_descriptive,False,False,False,False
,13087,an2025measuring,pnas_2025,data_score_4models.dta,db86face1e1d7f051070f217cbb8d05762554fa0eb43daedac15774dc1aad47e,b99f43ccda5c3bf59f188494f0b824cf5152e16282b0c1df7a50a3f3f843a756,computed_descriptive,False,False,False,True
,11772,an2025measuring,pnas_2025,data_score_4models.dta,db86face1e1d7f051070f217cbb8d05762554fa0eb43daedac15774dc1aad47e,b99f43ccda5c3bf59f188494f0b824cf5152e16282b0c1df7a50a3f3f843a756,computed_descriptive,False,False,True,False
,8598,an2025measuring,pnas_2025,data_score_4models.dta,db86face1e1d7f051070f217cbb8d05762554fa0eb43daedac15774dc1aad47e,b99f43ccda5c3bf59f188494f0b824cf5152e16282b0c1df7a50a3f3f843a756,computed_descriptive,True,False,False,False
,1613,an2025measuring,pnas_2025,data_score_4models.dta,db86face1e1d7f051070f217cbb8d05762554fa0eb43daedac15774dc1aad47e,b99f43ccda5c3bf59f188494f0b824cf5152e16282b0c1df7a50a3f3f843a756,computed_descriptive,False,True,False,False
,510,an2025measuring,pnas_2025,data_score_4models.dta,db86face1e1d7f051070f217cbb8d05762554fa0eb43daedac15774dc1aad47e,b99f43ccda5c3bf59f188494f0b824cf5152e16282b0c1df7a50a3f3f843a756,computed_descriptive,False,False,True,True
,398,an2025measuring,pnas_2025,data_score_4models.dta,db86face1e1d7f051070f217cbb8d05762554fa0eb43daedac15774dc1aad47e,b99f43ccda5c3bf59f188494f0b824cf5152e16282b0c1df7a50a3f3f843a756,computed_descriptive,True,False,True,False
,379,an2025measuring,pnas_2025,data_score_4models.dta,db86face1e1d7f051070f217cbb8d05762554fa0eb43daedac15774dc1aad47e,b99f43ccda5c3bf59f188494f0b824cf5152e16282b0c1df7a50a3f3f843a756,computed_descriptive,True,False,False,True
,100,an2025measuring,pnas_2025,data_score_4models.dta,db86face1e1d7f051070f217cbb8d05762554fa0eb43daedac15774dc1aad47e,b99f43ccda5c3bf59f188494f0b824cf5152e16282b0c1df7a50a3f3f843a756,computed_descriptive,False,True,False,True
,62,an2025measuring,pnas_2025,data_score_4models.dta,db86face1e1d7f051070f217cbb8d05762554fa0eb43daedac15774dc1aad47e,b99f43ccda5c3bf59f188494f0b824cf5152e16282b0c1df7a50a3f3f843a756,computed_descriptive,False,True,True,False
,28,an2025measuring,pnas_2025,data_score_4models.dta,db86face1e1d7f051070f217cbb8d05762554fa0eb43daedac15774dc1aad47e,b99f43ccda5c3bf59f188494f0b824cf5152e16282b0c1df7a50a3f3f843a756,computed_descriptive,True,True,False,False
,23,an2025measuring,pnas_2025,data_score_4models.dta,db86face1e1d7f051070f217cbb8d05762554fa0eb43daedac15774dc1aad47e,b99f43ccda5c3bf59f188494f0b824cf5152e16282b0c1df7a50a3f3f843a756,computed_descriptive,True,False,True,True
,4,an2025measuring,pnas_2025,data_score_4models.dta,db86face1e1d7f051070f217cbb8d05762554fa0eb43daedac15774dc1aad47e,b99f43ccda5c3bf59f188494f0b824cf5152e16282b0c1df7a50a3f3f843a756,computed_descriptive,False,True,True,True
,2,an2025measuring,pnas_2025,data_score_4models.dta,db86face1e1d7f051070f217cbb8d05762554fa0eb43daedac15774dc1aad47e,b99f43ccda5c3bf59f188494f0b824cf5152e16282b0c1df7a50a3f3f843a756,computed_descriptive,True,True,False,True
,2,an2025measuring,pnas_2025,data_score_4models.dta,db86face1e1d7f051070f217cbb8d05762554fa0eb43daedac15774dc1aad47e,b99f43ccda5c3bf59f188494f0b824cf5152e16282b0c1df7a50a3f3f843a756,computed_descriptive,True,True,True,False
